[
  {
    "class": "hostinger-ai-title",
    "type": "Title",
    "max_words": 3,
    "tone": "buissiness",
    "index": "0"
  },
  {
    "class": "hostinger-ai-description",
    "type": "Description",
    "max_words": 12,
    "index": "0"
  },
  {
    "class": "hostinger-ai-cta-button",
    "type": "CTA Button",
    "max_words": 2,
    "index": "0"
  },
  {
    "class": "hostinger-ai-image",
    "type": "Image",
    "index": "0",
    "max_words": 5,
    "image_size": {
      "width": 584,
      "height": 438,
      "crop": true
    }
  },
  {
    "class": "hostinger-ai-background-image",
    "type": "Image",
    "index": "0",
    "max_words": 5,
    "image_size": {
      "width": 1920,
      "height": 800,
      "crop": true
    }
  }
]
