[
  {
    "class": "hostinger-ai-title",
    "type": "Title",
    "max_words": 2,
    "tone": "buissiness",
    "index": "0"
  },
  {
    "class": "hostinger-ai-description",
    "type": "Description",
    "max_words": 14,
    "index": "0"
  },
  {
    "class": "hostinger-ai-image",
    "type": "Image",
    "index": "0",
    "max_words": 5,
    "image_size": {
      "width": 300,
      "height": 400,
      "crop": true
    }
  },
  {
    "class": "hostinger-ai-image",
    "type": "Image",
    "index": "1",
    "max_words": 5,
    "image_size": {
      "width": 800,
      "height": 400,
      "crop": true
    }
  },
  {
    "class": "hostinger-ai-image",
    "type": "Image",
    "index": "2",
    "max_words": 5,
    "image_size": {
      "width": 800,
      "height": 400,
      "crop": true
    }
  },
  {
    "class": "hostinger-ai-image",
    "type": "Image",
    "index": "3",
    "max_words": 5,
    "image_size": {
      "width": 300,
      "height": 400,
      "crop": true
    }
  },
  {
    "class": "hostinger-ai-image",
    "type": "Image",
    "index": "4",
    "max_words": 5,
    "image_size": {
      "width": 275,
      "height": 600,
      "crop": true
    }
  },
  {
    "class": "hostinger-ai-image",
    "type": "Image",
    "index": "5",
    "max_words": 5,
    "image_size": {
      "width": 275,
      "height": 600,
      "crop": true
    }
  },
  {
    "class": "hostinger-ai-image",
    "type": "Image",
    "index": "6",
    "max_words": 5,
    "image_size": {
      "width": 275,
      "height": 600,
      "crop": true
    }
  },
  {
    "class": "hostinger-ai-image",
    "type": "Image",
    "index": "7",
    "max_words": 5,
    "image_size": {
      "width": 275,
      "height": 600,
      "crop": true
    }
  },
  {
    "class": "hostinger-ai-image",
    "type": "Image",
    "index": "8",
    "max_words": 5,
    "image_size": {
      "width": 275,
      "height": 275,
      "crop": true
    }
  },
  {
    "class": "hostinger-ai-image",
    "type": "Image",
    "index": "9",
    "max_words": 5,
    "image_size": {
      "width": 275,
      "height": 275,
      "crop": true
    }
  },
  {
    "class": "hostinger-ai-image",
    "type": "Image",
    "index": "10",
    "max_words": 5,
    "image_size": {
      "width": 275,
      "height": 275,
      "crop": true
    }
  },
  {
    "class": "hostinger-ai-image",
    "type": "Image",
    "index": "11",
    "max_words": 5,
    "image_size": {
      "width": 275,
      "height": 275,
      "crop": true
    }
  },
  {
    "class": "hostinger-ai-image",
    "type": "Image",
    "index": "12",
    "max_words": 5,
    "image_size": {
      "width": 275,
      "height": 275,
      "crop": true
    }
  },
  {
    "class": "hostinger-ai-image",
    "type": "Image",
    "index": "13",
    "max_words": 5,
    "image_size": {
      "width": 275,
      "height": 275,
      "crop": true
    }
  },
  {
    "class": "hostinger-ai-image",
    "type": "Image",
    "index": "14",
    "max_words": 5,
    "image_size": {
      "width": 275,
      "height": 275,
      "crop": true
    }
  },
  {
    "class": "hostinger-ai-image",
    "type": "Image",
    "index": "15",
    "max_words": 5,
    "image_size": {
      "width": 275,
      "height": 275,
      "crop": true
    }
  }
]
